id_resena,titulo,texto,veredicto
1,Muy Malo,Este juego viene directamente de Mordor,negativo
2,Y pensar que me perd√≠ la boda de mi hija por este juego,Nooo el juego,negativo
3,"No me calza el precio con la calidad del juego, deber√≠a costar mucho m√°s","Todos hablan del New World pero no tienen ni idea de este juego, ni colas tiene",positivo
4,"No me calza el precio con la calidad del juego, deber√≠a costar mucho m√°s",No entiendo el motivo por el cual no han sacado una nueva entrega a√∫n,positivo
5,Em... ten√≠a final el juego?,M√°s malo que la pizza helada,negativo
6,Me encantar√≠a saber si tiene una secuela,"Me encant√≥, nada m√°s que decir",positivo
7,"No me calza el precio con la calidad del juego, deber√≠a costar mucho m√°s",Me recuerda cuando era joven,positivo
8,"Podr√© ser feo, pero definitivamente soy mejor que este juego... ok no","Me entraron a robar a la casa, luego los ladrones me vinieron personalmente a dejar el videojuego devuelta",negativo
9,El mejor Juego del Mundo,Ahhhh... un manjarsh,positivo
10,Nisiquiera la mejor de las odas podr√≠a describir este juego,No entiendo el motivo por el cual no han sacado una nueva entrega a√∫n,positivo
11,"No es malo, no, es mal√≠simo",Peor que mis laboratorios con margen de error del 1000%,negativo
12,Vine buscando cobre y encontr√© oro,No entiendo el motivo por el cual no han sacado una nueva entrega a√∫n,positivo
13,"Podr√© ser feo, pero definitivamente soy mejor que este juego... ok no",Nooo el juego,negativo
14,Parace una broma que existe un juego como este,No logr√© comprender la idea del juego,negativo
15,Es m√°s malo que malini,Muy facil y muy caro para las horas efectivas de juego,negativo
16,Peor que no ir vestido de traje a un bar,Este juego viene directamente de Mordor,negativo
17,Parace una broma que existe un juego como este,"Quer√≠a procrastinar, de verdad lo intent√©, pero antes de jugar este juego prefiero estudiar",negativo
18,"Si este juego fuera One Piece, me ver√≠a los 1000 episodios","Todos hablan del New World pero no tienen ni idea de este juego, ni colas tiene",positivo
19,Pensar que me entusiasm√≥ en un principio...,"Quer√≠a procrastinar, de verdad lo intent√©, pero antes de jugar este juego prefiero estudiar",negativo
20,Se podr√° solicitar la devoluci√≥n del tiempo perdido en este juego?,La dificultad es terriblemente alta,negativo
21,"Si este juego fuera One Piece, me ver√≠a los 1000 episodios",Me recuerda cuando era joven,positivo
22,Me encantar√≠a saber si tiene una secuela,"Consistente, repleto de contenido, soprendentemente bueno",positivo
23,Es m√°s malo que malini,La dificultad es terriblemente alta,negativo
24,No s√© como logr√≥ subir por los 9 c√≠rculos del infierno este juego,C√≥mo arruinar tu vida en 1 simple paso: compra este juego,negativo
25,El mejor Juego del Mundo,Interesante,positivo
26,Es el guaripolo de los videojuegos,"Consistente, repleto de contenido, soprendentemente bueno",positivo
27,Vine buscando cobre y encontr√© oro,No puedo creer que no haya jugado esto antes,positivo
28,Horas de diversi√≥n,"Me acabo de echar 3 ramos, pero vali√≥ la pena",positivo
29,Pero que ofert√≥n,A mi hijo le encanta,positivo
30,Em... ten√≠a final el juego?,Este juego viene directamente de Mordor,negativo
31,"No decepciona, incluso sorprende",No puedo creer que no haya jugado esto antes,positivo
32,Me soprende que no tenga m√°s premios,"Consistente, repleto de contenido, soprendentemente bueno",positivo
33,Me soprende que no tenga m√°s premios,Horas de diversi√≥n para amigos y familia,positivo
34,"Podr√© ser feo, pero definitivamente soy mejor que este juego... ok no",M√°s malo que la pizza helada,negativo
35,"No es malo, no, es mal√≠simo",No logr√© comprender la idea del juego,negativo
36,Muy Malo,Perder mi tiempo en este juego fue la peor idea que he tenido en estos √∫ltimos d√≠as,negativo
37,Se podr√° solicitar la devoluci√≥n del tiempo perdido en este juego?,Terriblemente malo,negativo
38,Y pensar que me perd√≠ la boda de mi hija por este juego,Perder mi tiempo en este juego fue la peor idea que he tenido en estos √∫ltimos d√≠as,negativo
39,No entiendo por qu√© no regalan este juego,Muy malo,negativo
40,No entiendo por qu√© no regalan este juego,Nooo el juego,negativo
41,Incre√≠ble nada m√°s que decir,"Consistente, repleto de contenido, soprendentemente bueno",positivo
42,Peor juego,Honestamente prefiero jugar a mirar el techo,negativo
43,Es el guaripolo de los videojuegos,"A decir verdad, encuentro que este videojuego va a revolucionar todo el g√©nero",positivo
44,Es m√°s malo que malini,Peor que mis laboratorios con margen de error del 1000%,negativo
45,Es m√°s malo que malini,La dificultad es terriblemente alta,negativo
46,Peor juego,No logr√© comprender la idea del juego,negativo
47,Peor que no ir vestido de traje a un bar,Prefiero estar de acuerdo con sclaper antes que darle un buen review a este juego,negativo
48,"No me calza el precio con la calidad del juego, deber√≠a costar mucho m√°s",Quien necesita un sniker cuando tienes el pedazo de juego a tu disposici√≥n,positivo
49,Mejor juego o mejor juego,Mejor que manjarate,positivo
50,"Podr√© ser feo, pero definitivamente soy mejor que este juego... ok no",Peor que mis laboratorios con margen de error del 1000%,negativo
51,Muy Malo,"Me entraron a robar a la casa, luego los ladrones me vinieron personalmente a dejar el videojuego devuelta",negativo
52,Em... ten√≠a final el juego?,Honestamente prefiero jugar a mirar el techo,negativo
53,Mejor juego o mejor juego,A mi hijo le encanta,positivo
54,Si tuviera que decidir entre un pato y un conejo este juego ser√≠a un conejo,Muy malo,negativo
55,Si tuviera que decidir entre un pato y un conejo este juego ser√≠a un conejo,C√≥mo arruinar tu vida en 1 simple paso: compra este juego,negativo
56,Vine buscando cobre y encontr√© oro,Horas de diversi√≥n para amigos y familia,positivo
57,No entiendo por qu√© no regalan este juego,Peor que mis laboratorios con margen de error del 1000%,negativo
58,Nisiquiera la mejor de las odas podr√≠a describir este juego,Ideal para la pandemia,positivo
59,Pensar que me entusiasm√≥ en un principio...,Terriblemente malo,negativo
60,Se podr√° solicitar la devoluci√≥n del tiempo perdido en este juego?,Peor que mis laboratorios con margen de error del 1000%,negativo
61,"No decepciona, incluso sorprende",A mi hijo le encanta,positivo
62,"No decepciona, incluso sorprende",Horas de diversi√≥n para amigos y familia,positivo
63,Fantabuloso,No entiendo el motivo por el cual no han sacado una nueva entrega a√∫n,positivo
64,"No decepciona, incluso sorprende",Muy Entretenido,positivo
65,Se podr√° solicitar la devoluci√≥n del tiempo perdido en este juego?,"Me entraron a robar a la casa, luego los ladrones me vinieron personalmente a dejar el videojuego devuelta",negativo
66,Se podr√° solicitar la devoluci√≥n del tiempo perdido en este juego?,Peor que mis laboratorios con margen de error del 1000%,negativo
67,Si tuviera que decidir entre un pato y un conejo este juego ser√≠a un conejo,"Quer√≠a procrastinar, de verdad lo intent√©, pero antes de jugar este juego prefiero estudiar",negativo
68,Este juego viene directamente de Mordor,C√≥mo arruinar tu vida en 1 simple paso: compra este juego,negativo
69,Peor juego,Peor que mis laboratorios con margen de error del 1000%,negativo
70,Es m√°s malo que malini,M√°s malo que la pizza helada,negativo
71,"Podr√© ser feo, pero definitivamente soy mejor que este juego... ok no",Prefiero estar de acuerdo con sclaper antes que darle un buen review a este juego,negativo
72,"No decepciona, incluso sorprende",Quien necesita un sniker cuando tienes el pedazo de juego a tu disposici√≥n,positivo
73,"No decepciona, incluso sorprende",Quien necesita un sniker cuando tienes el pedazo de juego a tu disposici√≥n,positivo
74,Se podr√° solicitar la devoluci√≥n del tiempo perdido en este juego?,La dificultad es terriblemente alta,negativo
75,Se podr√° solicitar la devoluci√≥n del tiempo perdido en este juego?,Este juego viene directamente de Mordor,negativo
76,"No es malo, no, es mal√≠simo",Prefiero estar de acuerdo con sclaper antes que darle un buen review a este juego,negativo
77,Me soprende que no tenga m√°s premios,Muy Entretenido,positivo
78,Horas de diversi√≥n,Mejor que manjarate,positivo
79,Peor que no ir vestido de traje a un bar,"Me entraron a robar a la casa, luego los ladrones me vinieron personalmente a dejar el videojuego devuelta",negativo
80,"No decepciona, incluso sorprende","Me acabo de echar 3 ramos, pero vali√≥ la pena",positivo
81,Em... ten√≠a final el juego?,M√°s malo que la pizza helada,negativo
82,Parace una broma que existe un juego como este,M√°s malo que la pizza helada,negativo
83,Parace una broma que existe un juego como este,M√°s malo que la pizza helada,negativo
84,Mejor juego o mejor juego,El problema es que este juego No puede ser mejor,positivo
85,Es el guaripolo de los videojuegos,"Me encant√≥, nada m√°s que decir",positivo
86,"No es malo, no, es mal√≠simo",Peor que mis laboratorios con margen de error del 1000%,negativo
87,No entiendo por qu√© no regalan este juego,Perder mi tiempo en este juego fue la peor idea que he tenido en estos √∫ltimos d√≠as,negativo
88,"No decepciona, incluso sorprende","Consistente, repleto de contenido, soprendentemente bueno",positivo
89,tiempo y dinero tirados a la basura,Terriblemente malo,negativo
90,Es el guaripolo de los videojuegos,El problema es que este juego No puede ser mejor,positivo
91,Vine buscando cobre y encontr√© oro,Quien necesita un sniker cuando tienes el pedazo de juego a tu disposici√≥n,positivo
92,Buena inversi√≥n,Muy Entretenido,positivo
93,No entiendo por qu√© no regalan este juego,Prefiero estar de acuerdo con sclaper antes que darle un buen review a este juego,negativo
94,"No decepciona, incluso sorprende",Horas de diversi√≥n para amigos y familia,positivo
95,Es el guaripolo de los videojuegos,Ahhhh... un manjarsh,positivo
96,Buena inversi√≥n,"A decir verdad, encuentro que este videojuego va a revolucionar todo el g√©nero",positivo
97,"No me calza el precio con la calidad del juego, deber√≠a costar mucho m√°s",Horas de diversi√≥n para amigos y familia,positivo
98,Buena inversi√≥n,"Nunca es muy tarde para decirlo, me arrepiento de no haber probado este juego antes",positivo
99,Nisiquiera la mejor de las odas podr√≠a describir este juego,El problema es que este juego No puede ser mejor,positivo
100,Parace una broma que existe un juego como este,C√≥mo arruinar tu vida en 1 simple paso: compra este juego,negativo
101,No s√© como logr√≥ subir por los 9 c√≠rculos del infierno este juego,C√≥mo arruinar tu vida en 1 simple paso: compra este juego,negativo
102,"Podr√© ser feo, pero definitivamente soy mejor que este juego... ok no",M√°s malo que la pizza helada,negativo
103,Es m√°s malo que malini,La dificultad es terriblemente alta,negativo
104,"No es malo, no, es mal√≠simo",Perder mi tiempo en este juego fue la peor idea que he tenido en estos √∫ltimos d√≠as,negativo
105,Me encantar√≠a saber si tiene una secuela,"Me acabo de echar 3 ramos, pero vali√≥ la pena",positivo
106,Peor juego,Honestamente prefiero jugar a mirar el techo,negativo
107,No entiendo por qu√© no regalan este juego,No logr√© comprender la idea del juego,negativo
108,Nisiquiera la mejor de las odas podr√≠a describir este juego,Ahhhh... un manjarsh,positivo
109,No s√© como logr√≥ subir por los 9 c√≠rculos del infierno este juego,No logr√© comprender la idea del juego,negativo
110,Em... ten√≠a final el juego?,Peor que mis laboratorios con margen de error del 1000%,negativo
111,Fantabuloso,A mi hijo le encanta,positivo
112,"No es malo, no, es mal√≠simo",Peor que mis laboratorios con margen de error del 1000%,negativo
113,Horas de diversi√≥n,No puedo creer que no haya jugado esto antes,positivo
114,"No decepciona, incluso sorprende","Consistente, repleto de contenido, soprendentemente bueno",positivo
115,Mejor juego o mejor juego,Interesante,positivo
116,"Podr√© ser feo, pero definitivamente soy mejor que este juego... ok no","Me entraron a robar a la casa, luego los ladrones me vinieron personalmente a dejar el videojuego devuelta",negativo
117,tiempo y dinero tirados a la basura,M√°s malo que la pizza helada,negativo
118,No s√© como logr√≥ subir por los 9 c√≠rculos del infierno este juego,Prefiero estar de acuerdo con sclaper antes que darle un buen review a este juego,negativo
119,Em... ten√≠a final el juego?,Prefiero estar de acuerdo con sclaper antes que darle un buen review a este juego,negativo
120,Es m√°s malo que malini,"Quer√≠a procrastinar, de verdad lo intent√©, pero antes de jugar este juego prefiero estudiar",negativo
121,Muy Malo,M√°s malo que la pizza helada,negativo
122,Nisiquiera la mejor de las odas podr√≠a describir este juego,Me recuerda cuando era joven,positivo
123,Em... ten√≠a final el juego?,"Quer√≠a procrastinar, de verdad lo intent√©, pero antes de jugar este juego prefiero estudiar",negativo
124,Pensar que me entusiasm√≥ en un principio...,Terriblemente malo,negativo
125,Nisiquiera la mejor de las odas podr√≠a describir este juego,"Me acabo de echar 3 ramos, pero vali√≥ la pena",positivo
126,M√°s bueno que el pan con chancho,Interesante,positivo
127,Es el guaripolo de los videojuegos,"Me acabo de echar 3 ramos, pero vali√≥ la pena",positivo
128,tiempo y dinero tirados a la basura,Peor que mis laboratorios con margen de error del 1000%,negativo
129,Incre√≠ble nada m√°s que decir,"Todos hablan del New World pero no tienen ni idea de este juego, ni colas tiene",positivo
130,Horas de diversi√≥n,El problema es que este juego No puede ser mejor,positivo
131,Incre√≠ble nada m√°s que decir,Interesante,positivo
132,Pero que ofert√≥n,Mejor que manjarate,positivo
133,Peor que no ir vestido de traje a un bar,Terriblemente malo,negativo
134,Es el guaripolo de los videojuegos,El problema es que este juego No puede ser mejor,positivo
135,Em... ten√≠a final el juego?,"Quer√≠a procrastinar, de verdad lo intent√©, pero antes de jugar este juego prefiero estudiar",negativo
136,Peor que no ir vestido de traje a un bar,Muy malo,negativo
137,Muy Malo,"Me entraron a robar a la casa, luego los ladrones me vinieron personalmente a dejar el videojuego devuelta",negativo
138,Pensar que me entusiasm√≥ en un principio...,No logr√© comprender la idea del juego,negativo
139,Horas de diversi√≥n,No sabr√≠a que decir al respecto,positivo
140,Fantabuloso,"Nunca es muy tarde para decirlo, me arrepiento de no haber probado este juego antes",positivo
141,Em... ten√≠a final el juego?,Terriblemente malo,negativo
142,Pero que ofert√≥n,"Consistente, repleto de contenido, soprendentemente bueno",positivo
143,El mejor Juego del Mundo,Ahhhh... un manjarsh,positivo
144,M√°s bueno que el pan con chancho,No puedo creer que no haya jugado esto antes,positivo
145,Me encantar√≠a saber si tiene una secuela,"Todos hablan del New World pero no tienen ni idea de este juego, ni colas tiene",positivo
146,Em... ten√≠a final el juego?,Terriblemente malo,negativo
147,Peor juego,La dificultad es terriblemente alta,negativo
148,"Podr√© ser feo, pero definitivamente soy mejor que este juego... ok no","Quer√≠a procrastinar, de verdad lo intent√©, pero antes de jugar este juego prefiero estudiar",negativo
149,No entiendo por qu√© no regalan este juego,Este juego viene directamente de Mordor,negativo
150,Em... ten√≠a final el juego?,No logr√© comprender la idea del juego,negativo
151,Parace una broma que existe un juego como este,"Quer√≠a procrastinar, de verdad lo intent√©, pero antes de jugar este juego prefiero estudiar",negativo
152,Muy Malo,Prefiero estar de acuerdo con sclaper antes que darle un buen review a este juego,negativo
153,Pero que ofert√≥n,"Nunca es muy tarde para decirlo, me arrepiento de no haber probado este juego antes",positivo
154,Y pensar que me perd√≠ la boda de mi hija por este juego,Honestamente prefiero jugar a mirar el techo,negativo
155,"No decepciona, incluso sorprende","Me encant√≥, nada m√°s que decir",positivo
156,Incre√≠ble nada m√°s que decir,Muy Entretenido,positivo
157,Buena inversi√≥n,Ideal para la pandemia,positivo
158,Nisiquiera la mejor de las odas podr√≠a describir este juego,Ahhhh... un manjarsh,positivo
159,Mejor juego o mejor juego,Ideal para la pandemia,positivo
160,Peor juego,M√°s malo que la pizza helada,negativo
161,Y pensar que me perd√≠ la boda de mi hija por este juego,Muy facil y muy caro para las horas efectivas de juego,negativo
162,Peor juego,La dificultad es terriblemente alta,negativo
163,Pensar que me entusiasm√≥ en un principio...,"Quer√≠a procrastinar, de verdad lo intent√©, pero antes de jugar este juego prefiero estudiar",negativo
164,Peor juego,"Me entraron a robar a la casa, luego los ladrones me vinieron personalmente a dejar el videojuego devuelta",negativo
165,M√°s bueno que el pan con chancho,Horas de diversi√≥n para amigos y familia,positivo
166,Peor juego,Muy malo,negativo
167,No entiendo por qu√© no regalan este juego,No logr√© comprender la idea del juego,negativo
168,"Si este juego fuera One Piece, me ver√≠a los 1000 episodios","Consistente, repleto de contenido, soprendentemente bueno",positivo
169,Vine buscando cobre y encontr√© oro,"Todos hablan del New World pero no tienen ni idea de este juego, ni colas tiene",positivo
